oai_identifier,identifier,object_in_context,subject_topical 1,subject_topical 2,itemType,date_text,title,title_part,rights,repository,name,role,language,publisher,public_note,project
2015-01-09T05:10:55Z,phoenix_1967march,http://digital.lib.utk.edu/mpds/?ckey=phoenix&iid=1055,University of Tennessee (Knoxville campus) -- Students -- Periodicals.,"Imprints, Tennessee -- Knoxville -- 1959.",text,1967 March,The Phoenix,,"This compilation is copyrighted by the University of
Tennessee. Images, text, or other content downloaded from the
collection may be freely used for non-profit educational
and research purposes, or any other use falling
within the purview of ""Fair Use."" For any other use,
contact the University of Tennessee Libraries.","The University of Tennessee Libraries, Special Collections, Knoxville",University of Tennessee (Knoxville campus),Creator,eng,"The University of Tennessee Libraries, Knoxville",Publications by students,phoenix
2015-01-09T05:10:55Z,phoenix_2002spring,http://digital.lib.utk.edu/mpds/?ckey=phoenix&iid=1141,University of Tennessee (Knoxville campus) -- Students -- Periodicals.,"Imprints, Tennessee -- Knoxville -- 1959.",text,2002 Spring,The Phoenix,,"This compilation is copyrighted by the University of
Tennessee. Images, text, or other content downloaded from the
collection may be freely used for non-profit educational
and research purposes, or any other use falling
within the purview of ""Fair Use."" For any other use,
contact the University of Tennessee Libraries.","The University of Tennessee Libraries, Special Collections, Knoxville",University of Tennessee (Knoxville campus),Creator,eng,"The University of Tennessee Libraries, Knoxville",Publications by students,phoenix
2015-01-09T05:10:55Z,phoenix_1998springcultural,http://digital.lib.utk.edu/mpds/?ckey=phoenix&iid=1131,University of Tennessee (Knoxville campus) -- Students -- Periodicals.,"Imprints, Tennessee -- Knoxville -- 1959.",text,1998 Spring,The Phoenix,,"This compilation is copyrighted by the University of
Tennessee. Images, text, or other content downloaded from the
collection may be freely used for non-profit educational
and research purposes, or any other use falling
within the purview of ""Fair Use."" For any other use,
contact the University of Tennessee Libraries.","The University of Tennessee Libraries, Special Collections, Knoxville",University of Tennessee (Knoxville campus),Creator,eng,"The University of Tennessee Libraries, Knoxville",Publications by students,phoenix
2015-01-09T05:10:55Z,phoenix_1988spring,http://digital.lib.utk.edu/mpds/?ckey=phoenix&iid=1113,University of Tennessee (Knoxville campus) -- Students -- Periodicals.,"Imprints, Tennessee -- Knoxville -- 1959.",text,1988 Spring,The Phoenix,,"This compilation is copyrighted by the University of
Tennessee. Images, text, or other content downloaded from the
collection may be freely used for non-profit educational
and research purposes, or any other use falling
within the purview of ""Fair Use."" For any other use,
contact the University of Tennessee Libraries.","The University of Tennessee Libraries, Special Collections, Knoxville",University of Tennessee (Knoxville campus),Creator,eng,"The University of Tennessee Libraries, Knoxville",Publications by students,phoenix
2015-01-09T05:10:55Z,phoenix_1984spring,http://digital.lib.utk.edu/mpds/?ckey=phoenix&iid=1102,University of Tennessee (Knoxville campus) -- Students -- Periodicals.,"Imprints, Tennessee -- Knoxville -- 1959.",text,1984 Spring,The Phoenix,,"This compilation is copyrighted by the University of
Tennessee. Images, text, or other content downloaded from the
collection may be freely used for non-profit educational
and research purposes, or any other use falling
within the purview of ""Fair Use."" For any other use,
contact the University of Tennessee Libraries.","The University of Tennessee Libraries, Special Collections, Knoxville",University of Tennessee (Knoxville campus),Creator,eng,"The University of Tennessee Libraries, Knoxville",Publications by students,phoenix
2015-01-09T05:10:55Z,phoenix_1971spring,http://digital.lib.utk.edu/mpds/?ckey=phoenix&iid=1068,University of Tennessee (Knoxville campus) -- Students -- Periodicals.,"Imprints, Tennessee -- Knoxville -- 1959.",text,1971 Spring,The Phoenix,,"This compilation is copyrighted by the University of
Tennessee. Images, text, or other content downloaded from the
collection may be freely used for non-profit educational
and research purposes, or any other use falling
within the purview of ""Fair Use."" For any other use,
contact the University of Tennessee Libraries.","The University of Tennessee Libraries, Special Collections, Knoxville",University of Tennessee (Knoxville campus),Creator,eng,"The University of Tennessee Libraries, Knoxville",Publications by students,phoenix
2015-01-09T05:10:55Z,phoenix_1981spring,http://digital.lib.utk.edu/mpds/?ckey=phoenix&iid=1095,University of Tennessee (Knoxville campus) -- Students -- Periodicals.,"Imprints, Tennessee -- Knoxville -- 1959.",text,1981 Spring,The Phoenix,,"This compilation is copyrighted by the University of
Tennessee. Images, text, or other content downloaded from the
collection may be freely used for non-profit educational
and research purposes, or any other use falling
within the purview of ""Fair Use."" For any other use,
contact the University of Tennessee Libraries.","The University of Tennessee Libraries, Special Collections, Knoxville",University of Tennessee (Knoxville campus),Creator,eng,"The University of Tennessee Libraries, Knoxville",Publications by students,phoenix
2015-01-09T05:10:55Z,phoenix_1962summer,http://digital.lib.utk.edu/mpds/?ckey=phoenix&iid=1044,University of Tennessee (Knoxville campus) -- Students -- Periodicals.,"Imprints, Tennessee -- Knoxville -- 1959.",text,1962 Summer,The Phoenix,,"This compilation is copyrighted by the University of
Tennessee. Images, text, or other content downloaded from the
collection may be freely used for non-profit educational
and research purposes, or any other use falling
within the purview of ""Fair Use."" For any other use,
contact the University of Tennessee Libraries.","The University of Tennessee Libraries, Special Collections, Knoxville",University of Tennessee (Knoxville campus),Creator,eng,"The University of Tennessee Libraries, Knoxville",Publications by students,phoenix
2015-01-09T05:10:55Z,phoenix_1976winter,http://digital.lib.utk.edu/mpds/?ckey=phoenix&iid=1085,University of Tennessee (Knoxville campus) -- Students -- Periodicals.,"Imprints, Tennessee -- Knoxville -- 1959.",text,1976 Winter,The Phoenix,,"This compilation is copyrighted by the University of
Tennessee. Images, text, or other content downloaded from the
collection may be freely used for non-profit educational
and research purposes, or any other use falling
within the purview of ""Fair Use."" For any other use,
contact the University of Tennessee Libraries.","The University of Tennessee Libraries, Special Collections, Knoxville",University of Tennessee (Knoxville campus),Creator,eng,"The University of Tennessee Libraries, Knoxville",Publications by students,phoenix
2015-01-09T05:10:55Z,phoenix_1987fall,http://digital.lib.utk.edu/mpds/?ckey=phoenix&iid=1109,University of Tennessee (Knoxville campus) -- Students -- Periodicals.,"Imprints, Tennessee -- Knoxville -- 1959.",text,1987 Fall,The Phoenix,,"This compilation is copyrighted by the University of
Tennessee. Images, text, or other content downloaded from the
collection may be freely used for non-profit educational
and research purposes, or any other use falling
within the purview of ""Fair Use."" For any other use,
contact the University of Tennessee Libraries.","The University of Tennessee Libraries, Special Collections, Knoxville",University of Tennessee (Knoxville campus),Creator,eng,"The University of Tennessee Libraries, Knoxville",Publications by students,phoenix
2015-01-09T05:10:55Z,phoenix_1999fall,http://digital.lib.utk.edu/mpds/?ckey=phoenix&iid=1133,University of Tennessee (Knoxville campus) -- Students -- Periodicals.,"Imprints, Tennessee -- Knoxville -- 1959.",text,1999 Fall,The Phoenix,,"This compilation is copyrighted by the University of
Tennessee. Images, text, or other content downloaded from the
collection may be freely used for non-profit educational
and research purposes, or any other use falling
within the purview of ""Fair Use."" For any other use,
contact the University of Tennessee Libraries.","The University of Tennessee Libraries, Special Collections, Knoxville",University of Tennessee (Knoxville campus),Creator,eng,"The University of Tennessee Libraries, Knoxville",Publications by students,phoenix
2015-01-09T05:10:55Z,phoenix_1994spring,http://digital.lib.utk.edu/mpds/?ckey=phoenix&iid=1123,University of Tennessee (Knoxville campus) -- Students -- Periodicals.,"Imprints, Tennessee -- Knoxville -- 1959.",text,1994 Spring,The Phoenix,,"This compilation is copyrighted by the University of
Tennessee. Images, text, or other content downloaded from the
collection may be freely used for non-profit educational
and research purposes, or any other use falling
within the purview of ""Fair Use."" For any other use,
contact the University of Tennessee Libraries.","The University of Tennessee Libraries, Special Collections, Knoxville",University of Tennessee (Knoxville campus),Creator,eng,"The University of Tennessee Libraries, Knoxville",Publications by students,phoenix
2015-01-09T05:10:55Z,phoenix_1996fall,http://digital.lib.utk.edu/mpds/?ckey=phoenix&iid=1126,University of Tennessee (Knoxville campus) -- Students -- Periodicals.,"Imprints, Tennessee -- Knoxville -- 1959.",text,1996 Fall,The Phoenix,,"This compilation is copyrighted by the University of
Tennessee. Images, text, or other content downloaded from the
collection may be freely used for non-profit educational
and research purposes, or any other use falling
within the purview of ""Fair Use."" For any other use,
contact the University of Tennessee Libraries.","The University of Tennessee Libraries, Special Collections, Knoxville",University of Tennessee (Knoxville campus),Creator,eng,"The University of Tennessee Libraries, Knoxville",Publications by students,phoenix
2015-01-09T05:10:55Z,phoenix_1983spring,http://digital.lib.utk.edu/mpds/?ckey=phoenix&iid=1099,University of Tennessee (Knoxville campus) -- Students -- Periodicals.,"Imprints, Tennessee -- Knoxville -- 1959.",text,1983 Spring,The Phoenix,,"This compilation is copyrighted by the University of
Tennessee. Images, text, or other content downloaded from the
collection may be freely used for non-profit educational
and research purposes, or any other use falling
within the purview of ""Fair Use."" For any other use,
contact the University of Tennessee Libraries.","The University of Tennessee Libraries, Special Collections, Knoxville",University of Tennessee (Knoxville campus),Creator,eng,"The University of Tennessee Libraries, Knoxville",Publications by students,phoenix
2015-01-09T05:10:55Z,phoenix_2012spring,http://digital.lib.utk.edu/mpds/?ckey=phoenix&iid=1156,University of Tennessee (Knoxville campus) -- Students -- Periodicals.,"Imprints, Tennessee -- Knoxville -- 1959.",text,2012 Spring,The Phoenix,,"This compilation is copyrighted by the University of
Tennessee. Images, text, or other content downloaded from the
collection may be freely used for non-profit educational
and research purposes, or any other use falling
within the purview of ""Fair Use."" For any other use,
contact the University of Tennessee Libraries.","The University of Tennessee Libraries, Special Collections, Knoxville",University of Tennessee (Knoxville campus),Creator,eng,"The University of Tennessee Libraries, Knoxville",Publications by students,phoenix
2015-01-09T05:10:55Z,phoenix_1965fall,http://digital.lib.utk.edu/mpds/?ckey=phoenix&iid=1051,University of Tennessee (Knoxville campus) -- Students -- Periodicals.,"Imprints, Tennessee -- Knoxville -- 1959.",text,1965 Fall,The Phoenix,,"This compilation is copyrighted by the University of
Tennessee. Images, text, or other content downloaded from the
collection may be freely used for non-profit educational
and research purposes, or any other use falling
within the purview of ""Fair Use."" For any other use,
contact the University of Tennessee Libraries.","The University of Tennessee Libraries, Special Collections, Knoxville",University of Tennessee (Knoxville campus),Creator,eng,"The University of Tennessee Libraries, Knoxville",Publications by students,phoenix
2015-01-09T05:10:55Z,phoenix_1967winter,http://digital.lib.utk.edu/mpds/?ckey=phoenix&iid=1058,University of Tennessee (Knoxville campus) -- Students -- Periodicals.,"Imprints, Tennessee -- Knoxville -- 1959.",text,1967 Winter,The Phoenix,,"This compilation is copyrighted by the University of
Tennessee. Images, text, or other content downloaded from the
collection may be freely used for non-profit educational
and research purposes, or any other use falling
within the purview of ""Fair Use."" For any other use,
contact the University of Tennessee Libraries.","The University of Tennessee Libraries, Special Collections, Knoxville",University of Tennessee (Knoxville campus),Creator,eng,"The University of Tennessee Libraries, Knoxville",Publications by students,phoenix
2015-01-09T05:10:55Z,phoenix_2000spring,http://digital.lib.utk.edu/mpds/?ckey=phoenix&iid=1137,University of Tennessee (Knoxville campus) -- Students -- Periodicals.,"Imprints, Tennessee -- Knoxville -- 1959.",text,2000 Spring,The Phoenix,,"This compilation is copyrighted by the University of
Tennessee. Images, text, or other content downloaded from the
collection may be freely used for non-profit educational
and research purposes, or any other use falling
within the purview of ""Fair Use."" For any other use,
contact the University of Tennessee Libraries.","The University of Tennessee Libraries, Special Collections, Knoxville",University of Tennessee (Knoxville campus),Creator,eng,"The University of Tennessee Libraries, Knoxville",Publications by students,phoenix
2015-01-09T05:10:55Z,phoenix_1960summer,http://digital.lib.utk.edu/mpds/?ckey=phoenix&iid=1037,University of Tennessee (Knoxville campus) -- Students -- Periodicals.,"Imprints, Tennessee -- Knoxville -- 1959.",text,1960 Summer,The Phoenix,,"This compilation is copyrighted by the University of
Tennessee. Images, text, or other content downloaded from the
collection may be freely used for non-profit educational
and research purposes, or any other use falling
within the purview of ""Fair Use."" For any other use,
contact the University of Tennessee Libraries.","The University of Tennessee Libraries, Special Collections, Knoxville",University of Tennessee (Knoxville campus),Creator,eng,"The University of Tennessee Libraries, Knoxville",Publications by students,phoenix
2015-01-09T05:10:55Z,phoenix_1961winter,http://digital.lib.utk.edu/mpds/?ckey=phoenix&iid=1041,University of Tennessee (Knoxville campus) -- Students -- Periodicals.,"Imprints, Tennessee -- Knoxville -- 1959.",text,1961 Winter,The Phoenix,,"This compilation is copyrighted by the University of
Tennessee. Images, text, or other content downloaded from the
collection may be freely used for non-profit educational
and research purposes, or any other use falling
within the purview of ""Fair Use."" For any other use,
contact the University of Tennessee Libraries.","The University of Tennessee Libraries, Special Collections, Knoxville",University of Tennessee (Knoxville campus),Creator,eng,"The University of Tennessee Libraries, Knoxville",Publications by students,phoenix
2015-01-09T05:10:55Z,phoenix_1971winter,http://digital.lib.utk.edu/mpds/?ckey=phoenix&iid=1069,University of Tennessee (Knoxville campus) -- Students -- Periodicals.,"Imprints, Tennessee -- Knoxville -- 1959.",text,1971 Winter,The Phoenix,,"This compilation is copyrighted by the University of
Tennessee. Images, text, or other content downloaded from the
collection may be freely used for non-profit educational
and research purposes, or any other use falling
within the purview of ""Fair Use."" For any other use,
contact the University of Tennessee Libraries.","The University of Tennessee Libraries, Special Collections, Knoxville",University of Tennessee (Knoxville campus),Creator,eng,"The University of Tennessee Libraries, Knoxville",Publications by students,phoenix
2015-01-09T05:10:55Z,phoenix_1991fall,http://digital.lib.utk.edu/mpds/?ckey=phoenix&iid=1118,University of Tennessee (Knoxville campus) -- Students -- Periodicals.,"Imprints, Tennessee -- Knoxville -- 1959.",text,1991 Fall,The Phoenix,,"This compilation is copyrighted by the University of
Tennessee. Images, text, or other content downloaded from the
collection may be freely used for non-profit educational
and research purposes, or any other use falling
within the purview of ""Fair Use."" For any other use,
contact the University of Tennessee Libraries.","The University of Tennessee Libraries, Special Collections, Knoxville",University of Tennessee (Knoxville campus),Creator,eng,"The University of Tennessee Libraries, Knoxville",Publications by students,phoenix
2015-01-09T05:10:55Z,phoenix_1968spring,http://digital.lib.utk.edu/mpds/?ckey=phoenix&iid=1060,University of Tennessee (Knoxville campus) -- Students -- Periodicals.,"Imprints, Tennessee -- Knoxville -- 1959.",text,1968 Spring,The Phoenix,,"This compilation is copyrighted by the University of
Tennessee. Images, text, or other content downloaded from the
collection may be freely used for non-profit educational
and research purposes, or any other use falling
within the purview of ""Fair Use."" For any other use,
contact the University of Tennessee Libraries.","The University of Tennessee Libraries, Special Collections, Knoxville",University of Tennessee (Knoxville campus),Creator,eng,"The University of Tennessee Libraries, Knoxville",Publications by students,phoenix
2015-01-09T05:10:55Z,phoenix_1992spring,http://digital.lib.utk.edu/mpds/?ckey=phoenix&iid=1121,University of Tennessee (Knoxville campus) -- Students -- Periodicals.,"Imprints, Tennessee -- Knoxville -- 1959.",text,1992 Spring,The Phoenix,,"This compilation is copyrighted by the University of
Tennessee. Images, text, or other content downloaded from the
collection may be freely used for non-profit educational
and research purposes, or any other use falling
within the purview of ""Fair Use."" For any other use,
contact the University of Tennessee Libraries.","The University of Tennessee Libraries, Special Collections, Knoxville",University of Tennessee (Knoxville campus),Creator,eng,"The University of Tennessee Libraries, Knoxville",Publications by students,phoenix
2015-01-09T05:10:55Z,phoenix_1961summer,http://digital.lib.utk.edu/mpds/?ckey=phoenix&iid=1040,University of Tennessee (Knoxville campus) -- Students -- Periodicals.,"Imprints, Tennessee -- Knoxville -- 1959.",text,1961 Summer,The Phoenix,,"This compilation is copyrighted by the University of
Tennessee. Images, text, or other content downloaded from the
collection may be freely used for non-profit educational
and research purposes, or any other use falling
within the purview of ""Fair Use."" For any other use,
contact the University of Tennessee Libraries.","The University of Tennessee Libraries, Special Collections, Knoxville",University of Tennessee (Knoxville campus),Creator,eng,"The University of Tennessee Libraries, Knoxville",Publications by students,phoenix
2015-01-09T05:10:55Z,phoenix_1983winter,http://digital.lib.utk.edu/mpds/?ckey=phoenix&iid=1100,University of Tennessee (Knoxville campus) -- Students -- Periodicals.,"Imprints, Tennessee -- Knoxville -- 1959.",text,1983 Winter,The Phoenix,,"This compilation is copyrighted by the University of
Tennessee. Images, text, or other content downloaded from the
collection may be freely used for non-profit educational
and research purposes, or any other use falling
within the purview of ""Fair Use."" For any other use,
contact the University of Tennessee Libraries.","The University of Tennessee Libraries, Special Collections, Knoxville",University of Tennessee (Knoxville campus),Creator,eng,"The University of Tennessee Libraries, Knoxville",Publications by students,phoenix
2015-01-09T05:10:55Z,phoenix_1973winter,http://digital.lib.utk.edu/mpds/?ckey=phoenix&iid=1075,University of Tennessee (Knoxville campus) -- Students -- Periodicals.,"Imprints, Tennessee -- Knoxville -- 1959.",text,1973 Winter,The Phoenix,,"This compilation is copyrighted by the University of
Tennessee. Images, text, or other content downloaded from the
collection may be freely used for non-profit educational
and research purposes, or any other use falling
within the purview of ""Fair Use."" For any other use,
contact the University of Tennessee Libraries.","The University of Tennessee Libraries, Special Collections, Knoxville",University of Tennessee (Knoxville campus),Creator,eng,"The University of Tennessee Libraries, Knoxville",Publications by students,phoenix
2015-01-09T05:10:55Z,phoenix_1997spring,http://digital.lib.utk.edu/mpds/?ckey=phoenix&iid=1129,University of Tennessee (Knoxville campus) -- Students -- Periodicals.,"Imprints, Tennessee -- Knoxville -- 1959.",text,1997 Spring,The Phoenix,,"This compilation is copyrighted by the University of
Tennessee. Images, text, or other content downloaded from the
collection may be freely used for non-profit educational
and research purposes, or any other use falling
within the purview of ""Fair Use."" For any other use,
contact the University of Tennessee Libraries.","The University of Tennessee Libraries, Special Collections, Knoxville",University of Tennessee (Knoxville campus),Creator,eng,"The University of Tennessee Libraries, Knoxville",Publications by students,phoenix
2015-01-09T05:10:55Z,phoenix_1998fall,http://digital.lib.utk.edu/mpds/?ckey=phoenix&iid=1130,University of Tennessee (Knoxville campus) -- Students -- Periodicals.,"Imprints, Tennessee -- Knoxville -- 1959.",text,1998 Fall,The Phoenix,,"This compilation is copyrighted by the University of
Tennessee. Images, text, or other content downloaded from the
collection may be freely used for non-profit educational
and research purposes, or any other use falling
within the purview of ""Fair Use."" For any other use,
contact the University of Tennessee Libraries.","The University of Tennessee Libraries, Special Collections, Knoxville",University of Tennessee (Knoxville campus),Creator,eng,"The University of Tennessee Libraries, Knoxville",Publications by students,phoenix
2015-01-09T05:10:55Z,phoenix_2002fall,http://digital.lib.utk.edu/mpds/?ckey=phoenix&iid=1140,University of Tennessee (Knoxville campus) -- Students -- Periodicals.,"Imprints, Tennessee -- Knoxville -- 1959.",text,2002 Fall,The Phoenix,,"This compilation is copyrighted by the University of
Tennessee. Images, text, or other content downloaded from the
collection may be freely used for non-profit educational
and research purposes, or any other use falling
within the purview of ""Fair Use."" For any other use,
contact the University of Tennessee Libraries.","The University of Tennessee Libraries, Special Collections, Knoxville",University of Tennessee (Knoxville campus),Creator,eng,"The University of Tennessee Libraries, Knoxville",Publications by students,phoenix
2015-01-09T05:10:55Z,phoenix_2005fall,http://digital.lib.utk.edu/mpds/?ckey=phoenix&iid=1145,University of Tennessee (Knoxville campus) -- Students -- Periodicals.,"Imprints, Tennessee -- Knoxville -- 1959.",text,2005 Fall,The Phoenix,,"This compilation is copyrighted by the University of
Tennessee. Images, text, or other content downloaded from the
collection may be freely used for non-profit educational
and research purposes, or any other use falling
within the purview of ""Fair Use."" For any other use,
contact the University of Tennessee Libraries.","The University of Tennessee Libraries, Special Collections, Knoxville",University of Tennessee (Knoxville campus),Creator,eng,"The University of Tennessee Libraries, Knoxville",Publications by students,phoenix
2015-01-09T05:10:55Z,phoenix_1976fall,http://digital.lib.utk.edu/mpds/?ckey=phoenix&iid=1083,University of Tennessee (Knoxville campus) -- Students -- Periodicals.,"Imprints, Tennessee -- Knoxville -- 1959.",text,1976 Fall,The Phoenix,,"This compilation is copyrighted by the University of
Tennessee. Images, text, or other content downloaded from the
collection may be freely used for non-profit educational
and research purposes, or any other use falling
within the purview of ""Fair Use."" For any other use,
contact the University of Tennessee Libraries.","The University of Tennessee Libraries, Special Collections, Knoxville",University of Tennessee (Knoxville campus),Creator,eng,"The University of Tennessee Libraries, Knoxville",Publications by students,phoenix
2015-01-09T05:10:55Z,phoenix_1981winter,http://digital.lib.utk.edu/mpds/?ckey=phoenix&iid=1096,University of Tennessee (Knoxville campus) -- Students -- Periodicals.,"Imprints, Tennessee -- Knoxville -- 1959.",text,1981 Winter,The Phoenix,,"This compilation is copyrighted by the University of
Tennessee. Images, text, or other content downloaded from the
collection may be freely used for non-profit educational
and research purposes, or any other use falling
within the purview of ""Fair Use."" For any other use,
contact the University of Tennessee Libraries.","The University of Tennessee Libraries, Special Collections, Knoxville",University of Tennessee (Knoxville campus),Creator,eng,"The University of Tennessee Libraries, Knoxville",Publications by students,phoenix
2015-01-09T05:10:55Z,phoenix_1985spring,http://digital.lib.utk.edu/mpds/?ckey=phoenix&iid=1105,University of Tennessee (Knoxville campus) -- Students -- Periodicals.,"Imprints, Tennessee -- Knoxville -- 1959.",text,1985 Spring,The Phoenix,,"This compilation is copyrighted by the University of
Tennessee. Images, text, or other content downloaded from the
collection may be freely used for non-profit educational
and research purposes, or any other use falling
within the purview of ""Fair Use."" For any other use,
contact the University of Tennessee Libraries.","The University of Tennessee Libraries, Special Collections, Knoxville",University of Tennessee (Knoxville campus),Creator,eng,"The University of Tennessee Libraries, Knoxville",Publications by students,phoenix
2015-01-09T05:10:55Z,phoenix_1985winter,http://digital.lib.utk.edu/mpds/?ckey=phoenix&iid=1106,University of Tennessee (Knoxville campus) -- Students -- Periodicals.,"Imprints, Tennessee -- Knoxville -- 1959.",text,1985 Winter,The Phoenix,,"This compilation is copyrighted by the University of
Tennessee. Images, text, or other content downloaded from the
collection may be freely used for non-profit educational
and research purposes, or any other use falling
within the purview of ""Fair Use."" For any other use,
contact the University of Tennessee Libraries.","The University of Tennessee Libraries, Special Collections, Knoxville",University of Tennessee (Knoxville campus),Creator,eng,"The University of Tennessee Libraries, Knoxville",Publications by students,phoenix
2015-01-09T05:10:55Z,phoenix_1975winter,http://digital.lib.utk.edu/mpds/?ckey=phoenix&iid=1082,University of Tennessee (Knoxville campus) -- Students -- Periodicals.,"Imprints, Tennessee -- Knoxville -- 1959.",text,1975 Winter,The Phoenix,,"This compilation is copyrighted by the University of
Tennessee. Images, text, or other content downloaded from the
collection may be freely used for non-profit educational
and research purposes, or any other use falling
within the purview of ""Fair Use."" For any other use,
contact the University of Tennessee Libraries.","The University of Tennessee Libraries, Special Collections, Knoxville",University of Tennessee (Knoxville campus),Creator,eng,"The University of Tennessee Libraries, Knoxville",Publications by students,phoenix
2015-01-09T05:10:55Z,phoenix_1989fall,http://digital.lib.utk.edu/mpds/?ckey=phoenix&iid=1114,University of Tennessee (Knoxville campus) -- Students -- Periodicals.,"Imprints, Tennessee -- Knoxville -- 1959.",text,1989 Fall,The Phoenix,,"This compilation is copyrighted by the University of
Tennessee. Images, text, or other content downloaded from the
collection may be freely used for non-profit educational
and research purposes, or any other use falling
within the purview of ""Fair Use."" For any other use,
contact the University of Tennessee Libraries.","The University of Tennessee Libraries, Special Collections, Knoxville",University of Tennessee (Knoxville campus),Creator,eng,"The University of Tennessee Libraries, Knoxville",Publications by students,phoenix
2015-01-09T05:10:55Z,phoenix_2000march,http://digital.lib.utk.edu/mpds/?ckey=phoenix&iid=1136,University of Tennessee (Knoxville campus) -- Students -- Periodicals.,"Imprints, Tennessee -- Knoxville -- 1959.",text,2000 March,The Phoenix,,"This compilation is copyrighted by the University of
Tennessee. Images, text, or other content downloaded from the
collection may be freely used for non-profit educational
and research purposes, or any other use falling
within the purview of ""Fair Use."" For any other use,
contact the University of Tennessee Libraries.","The University of Tennessee Libraries, Special Collections, Knoxville",University of Tennessee (Knoxville campus),Creator,eng,"The University of Tennessee Libraries, Knoxville",Publications by students,phoenix
2015-01-09T05:10:55Z,phoenix_1975fall,http://digital.lib.utk.edu/mpds/?ckey=phoenix&iid=1080,University of Tennessee (Knoxville campus) -- Students -- Periodicals.,"Imprints, Tennessee -- Knoxville -- 1959.",text,1975 Fall,The Phoenix,,"This compilation is copyrighted by the University of
Tennessee. Images, text, or other content downloaded from the
collection may be freely used for non-profit educational
and research purposes, or any other use falling
within the purview of ""Fair Use."" For any other use,
contact the University of Tennessee Libraries.","The University of Tennessee Libraries, Special Collections, Knoxville",University of Tennessee (Knoxville campus),Creator,eng,"The University of Tennessee Libraries, Knoxville",Publications by students,phoenix
2015-01-09T05:10:55Z,phoenix_1972spring,http://digital.lib.utk.edu/mpds/?ckey=phoenix&iid=1071,University of Tennessee (Knoxville campus) -- Students -- Periodicals.,"Imprints, Tennessee -- Knoxville -- 1959.",text,1972 Spring,The Phoenix,,"This compilation is copyrighted by the University of
Tennessee. Images, text, or other content downloaded from the
collection may be freely used for non-profit educational
and research purposes, or any other use falling
within the purview of ""Fair Use."" For any other use,
contact the University of Tennessee Libraries.","The University of Tennessee Libraries, Special Collections, Knoxville",University of Tennessee (Knoxville campus),Creator,eng,"The University of Tennessee Libraries, Knoxville",Publications by students,phoenix
2015-01-09T05:10:55Z,phoenix_1974winter,http://digital.lib.utk.edu/mpds/?ckey=phoenix&iid=1079,University of Tennessee (Knoxville campus) -- Students -- Periodicals.,"Imprints, Tennessee -- Knoxville -- 1959.",text,1974 Winter,The Phoenix,,"This compilation is copyrighted by the University of
Tennessee. Images, text, or other content downloaded from the
collection may be freely used for non-profit educational
and research purposes, or any other use falling
within the purview of ""Fair Use."" For any other use,
contact the University of Tennessee Libraries.","The University of Tennessee Libraries, Special Collections, Knoxville",University of Tennessee (Knoxville campus),Creator,eng,"The University of Tennessee Libraries, Knoxville",Publications by students,phoenix
2015-01-09T05:10:55Z,phoenix_2009fall,http://digital.lib.utk.edu/mpds/?ckey=phoenix&iid=1150,University of Tennessee (Knoxville campus) -- Students -- Periodicals.,"Imprints, Tennessee -- Knoxville -- 1959.",text,2009 Fall,The Phoenix,,"This compilation is copyrighted by the University of
Tennessee. Images, text, or other content downloaded from the
collection may be freely used for non-profit educational
and research purposes, or any other use falling
within the purview of ""Fair Use."" For any other use,
contact the University of Tennessee Libraries.","The University of Tennessee Libraries, Special Collections, Knoxville",University of Tennessee (Knoxville campus),Creator,eng,"The University of Tennessee Libraries, Knoxville",Publications by students,phoenix
2015-01-09T05:10:55Z,phoenix_1997fall-photo,http://digital.lib.utk.edu/mpds/?ckey=phoenix&iid=1127,University of Tennessee (Knoxville campus) -- Students -- Periodicals.,"Imprints, Tennessee -- Knoxville -- 1959.",text,1997 Fall,The Phoenix,,"This compilation is copyrighted by the University of
Tennessee. Images, text, or other content downloaded from the
collection may be freely used for non-profit educational
and research purposes, or any other use falling
within the purview of ""Fair Use."" For any other use,
contact the University of Tennessee Libraries.","The University of Tennessee Libraries, Special Collections, Knoxville",University of Tennessee (Knoxville campus),Creator,eng,"The University of Tennessee Libraries, Knoxville",Publications by students,phoenix
2015-01-09T05:10:55Z,phoenix_1995spring,http://digital.lib.utk.edu/mpds/?ckey=phoenix&iid=1125,University of Tennessee (Knoxville campus) -- Students -- Periodicals.,"Imprints, Tennessee -- Knoxville -- 1959.",text,1995 Spring,The Phoenix,,"This compilation is copyrighted by the University of
Tennessee. Images, text, or other content downloaded from the
collection may be freely used for non-profit educational
and research purposes, or any other use falling
within the purview of ""Fair Use."" For any other use,
contact the University of Tennessee Libraries.","The University of Tennessee Libraries, Special Collections, Knoxville",University of Tennessee (Knoxville campus),Creator,eng,"The University of Tennessee Libraries, Knoxville",Publications by students,phoenix
2015-01-09T05:10:55Z,phoenix_1963summer,http://digital.lib.utk.edu/mpds/?ckey=phoenix&iid=1047,University of Tennessee (Knoxville campus) -- Students -- Periodicals.,"Imprints, Tennessee -- Knoxville -- 1959.",text,1963 Summer,The Phoenix,,"This compilation is copyrighted by the University of
Tennessee. Images, text, or other content downloaded from the
collection may be freely used for non-profit educational
and research purposes, or any other use falling
within the purview of ""Fair Use."" For any other use,
contact the University of Tennessee Libraries.","The University of Tennessee Libraries, Special Collections, Knoxville",University of Tennessee (Knoxville campus),Creator,eng,"The University of Tennessee Libraries, Knoxville",Publications by students,phoenix
2015-01-09T05:10:55Z,phoenix_2013fall,http://digital.lib.utk.edu/mpds/?ckey=phoenix&iid=1548,University of Tennessee (Knoxville campus) -- Students -- Periodicals.,"Imprints, Tennessee -- Knoxville -- 1959.",text,2013 Fall,The Phoenix,,"This compilation is copyrighted by the University of
Tennessee. Images, text, or other content downloaded from the
collection may be freely used for non-profit educational
and research purposes, or any other use falling
within the purview of ""Fair Use."" For any other use,
contact the University of Tennessee Libraries.","The University of Tennessee Libraries, Special Collections, Knoxville",University of Tennessee (Knoxville campus),Creator,eng,"The University of Tennessee Libraries, Knoxville",Publications by students,phoenix
2015-01-09T05:10:55Z,phoenix_1993fall,http://digital.lib.utk.edu/mpds/?ckey=phoenix&iid=1122,University of Tennessee (Knoxville campus) -- Students -- Periodicals.,"Imprints, Tennessee -- Knoxville -- 1959.",text,1993 Fall,The Phoenix,,"This compilation is copyrighted by the University of
Tennessee. Images, text, or other content downloaded from the
collection may be freely used for non-profit educational
and research purposes, or any other use falling
within the purview of ""Fair Use."" For any other use,
contact the University of Tennessee Libraries.","The University of Tennessee Libraries, Special Collections, Knoxville",University of Tennessee (Knoxville campus),Creator,eng,"The University of Tennessee Libraries, Knoxville",Publications by students,phoenix
2015-01-09T05:10:55Z,phoenix_1970winter,http://digital.lib.utk.edu/mpds/?ckey=phoenix&iid=1066,University of Tennessee (Knoxville campus) -- Students -- Periodicals.,"Imprints, Tennessee -- Knoxville -- 1959.",text,1970 Winter,The Phoenix,,"This compilation is copyrighted by the University of
Tennessee. Images, text, or other content downloaded from the
collection may be freely used for non-profit educational
and research purposes, or any other use falling
within the purview of ""Fair Use."" For any other use,
contact the University of Tennessee Libraries.","The University of Tennessee Libraries, Special Collections, Knoxville",University of Tennessee (Knoxville campus),Creator,eng,"The University of Tennessee Libraries, Knoxville",Publications by students,phoenix
2015-01-09T05:10:55Z,phoenix_1962spring,http://digital.lib.utk.edu/mpds/?ckey=phoenix&iid=1043,University of Tennessee (Knoxville campus) -- Students -- Periodicals.,"Imprints, Tennessee -- Knoxville -- 1959.",text,1962 Spring,The Phoenix,,"This compilation is copyrighted by the University of
Tennessee. Images, text, or other content downloaded from the
collection may be freely used for non-profit educational
and research purposes, or any other use falling
within the purview of ""Fair Use."" For any other use,
contact the University of Tennessee Libraries.","The University of Tennessee Libraries, Special Collections, Knoxville",University of Tennessee (Knoxville campus),Creator,eng,"The University of Tennessee Libraries, Knoxville",Publications by students,phoenix
2015-01-09T05:10:55Z,phoenix_1982winter,http://digital.lib.utk.edu/mpds/?ckey=phoenix&iid=1098,University of Tennessee (Knoxville campus) -- Students -- Periodicals.,"Imprints, Tennessee -- Knoxville -- 1959.",text,1982 Winter,The Phoenix,,"This compilation is copyrighted by the University of
Tennessee. Images, text, or other content downloaded from the
collection may be freely used for non-profit educational
and research purposes, or any other use falling
within the purview of ""Fair Use."" For any other use,
contact the University of Tennessee Libraries.","The University of Tennessee Libraries, Special Collections, Knoxville",University of Tennessee (Knoxville campus),Creator,eng,"The University of Tennessee Libraries, Knoxville",Publications by students,phoenix
2015-01-09T05:10:55Z,phoenix_1961spring,http://digital.lib.utk.edu/mpds/?ckey=phoenix&iid=1039,University of Tennessee (Knoxville campus) -- Students -- Periodicals.,"Imprints, Tennessee -- Knoxville -- 1959.",text,1961 Spring,The Phoenix,,"This compilation is copyrighted by the University of
Tennessee. Images, text, or other content downloaded from the
collection may be freely used for non-profit educational
and research purposes, or any other use falling
within the purview of ""Fair Use."" For any other use,
contact the University of Tennessee Libraries.","The University of Tennessee Libraries, Special Collections, Knoxville",University of Tennessee (Knoxville campus),Creator,eng,"The University of Tennessee Libraries, Knoxville",Publications by students,phoenix
2015-01-09T05:10:55Z,phoenix_2001spring-dreams,http://digital.lib.utk.edu/mpds/?ckey=phoenix&iid=1138,University of Tennessee (Knoxville campus) -- Students -- Periodicals.,"Imprints, Tennessee -- Knoxville -- 1959.",text,2001 Spring,The Phoenix,,"This compilation is copyrighted by the University of
Tennessee. Images, text, or other content downloaded from the
collection may be freely used for non-profit educational
and research purposes, or any other use falling
within the purview of ""Fair Use."" For any other use,
contact the University of Tennessee Libraries.","The University of Tennessee Libraries, Special Collections, Knoxville",University of Tennessee (Knoxville campus),Creator,eng,"The University of Tennessee Libraries, Knoxville",Publications by students,phoenix
2015-01-09T05:10:55Z,phoenix_2010spring,http://digital.lib.utk.edu/mpds/?ckey=phoenix&iid=1153,University of Tennessee (Knoxville campus) -- Students -- Periodicals.,"Imprints, Tennessee -- Knoxville -- 1959.",text,2010 Spring,The Phoenix,,"This compilation is copyrighted by the University of
Tennessee. Images, text, or other content downloaded from the
collection may be freely used for non-profit educational
and research purposes, or any other use falling
within the purview of ""Fair Use."" For any other use,
contact the University of Tennessee Libraries.","The University of Tennessee Libraries, Special Collections, Knoxville",University of Tennessee (Knoxville campus),Creator,eng,"The University of Tennessee Libraries, Knoxville",Publications by students,phoenix
2015-01-09T05:10:55Z,phoenix_2006spring,http://digital.lib.utk.edu/mpds/?ckey=phoenix&iid=1148,University of Tennessee (Knoxville campus) -- Students -- Periodicals.,"Imprints, Tennessee -- Knoxville -- 1959.",text,2006 Spring,The Phoenix,,"This compilation is copyrighted by the University of
Tennessee. Images, text, or other content downloaded from the
collection may be freely used for non-profit educational
and research purposes, or any other use falling
within the purview of ""Fair Use."" For any other use,
contact the University of Tennessee Libraries.","The University of Tennessee Libraries, Special Collections, Knoxville",University of Tennessee (Knoxville campus),Creator,eng,"The University of Tennessee Libraries, Knoxville",Publications by students,phoenix
2015-01-09T05:10:55Z,phoenix_1999spring,http://digital.lib.utk.edu/mpds/?ckey=phoenix&iid=1134,University of Tennessee (Knoxville campus) -- Students -- Periodicals.,"Imprints, Tennessee -- Knoxville -- 1959.",text,1999 Spring,The Phoenix,,"This compilation is copyrighted by the University of
Tennessee. Images, text, or other content downloaded from the
collection may be freely used for non-profit educational
and research purposes, or any other use falling
within the purview of ""Fair Use."" For any other use,
contact the University of Tennessee Libraries.","The University of Tennessee Libraries, Special Collections, Knoxville",University of Tennessee (Knoxville campus),Creator,eng,"The University of Tennessee Libraries, Knoxville",Publications by students,phoenix
2015-01-09T05:10:55Z,phoenix_1980winter,http://digital.lib.utk.edu/mpds/?ckey=phoenix&iid=1093,University of Tennessee (Knoxville campus) -- Students -- Periodicals.,"Imprints, Tennessee -- Knoxville -- 1959.",text,1980 Winter,The Phoenix,,"This compilation is copyrighted by the University of
Tennessee. Images, text, or other content downloaded from the
collection may be freely used for non-profit educational
and research purposes, or any other use falling
within the purview of ""Fair Use."" For any other use,
contact the University of Tennessee Libraries.","The University of Tennessee Libraries, Special Collections, Knoxville",University of Tennessee (Knoxville campus),Creator,eng,"The University of Tennessee Libraries, Knoxville",Publications by students,phoenix
2015-01-09T05:10:55Z,phoenix_1987winter,http://digital.lib.utk.edu/mpds/?ckey=phoenix&iid=1111,University of Tennessee (Knoxville campus) -- Students -- Periodicals.,"Imprints, Tennessee -- Knoxville -- 1959.",text,1987 Winter,The Phoenix,,"This compilation is copyrighted by the University of
Tennessee. Images, text, or other content downloaded from the
collection may be freely used for non-profit educational
and research purposes, or any other use falling
within the purview of ""Fair Use."" For any other use,
contact the University of Tennessee Libraries.","The University of Tennessee Libraries, Special Collections, Knoxville",University of Tennessee (Knoxville campus),Creator,eng,"The University of Tennessee Libraries, Knoxville",Publications by students,phoenix
2015-01-09T05:10:55Z,phoenix_2004spring,http://digital.lib.utk.edu/mpds/?ckey=phoenix&iid=1144,University of Tennessee (Knoxville campus) -- Students -- Periodicals.,"Imprints, Tennessee -- Knoxville -- 1959.",text,2004 Spring,The Phoenix,,"This compilation is copyrighted by the University of
Tennessee. Images, text, or other content downloaded from the
collection may be freely used for non-profit educational
and research purposes, or any other use falling
within the purview of ""Fair Use."" For any other use,
contact the University of Tennessee Libraries.","The University of Tennessee Libraries, Special Collections, Knoxville",University of Tennessee (Knoxville campus),Creator,eng,"The University of Tennessee Libraries, Knoxville",Publications by students,phoenix
2015-01-09T05:10:55Z,phoenix_1976spring,http://digital.lib.utk.edu/mpds/?ckey=phoenix&iid=1084,University of Tennessee (Knoxville campus) -- Students -- Periodicals.,"Imprints, Tennessee -- Knoxville -- 1959.",text,1976 Spring,The Phoenix,,"This compilation is copyrighted by the University of
Tennessee. Images, text, or other content downloaded from the
collection may be freely used for non-profit educational
and research purposes, or any other use falling
within the purview of ""Fair Use."" For any other use,
contact the University of Tennessee Libraries.","The University of Tennessee Libraries, Special Collections, Knoxville",University of Tennessee (Knoxville campus),Creator,eng,"The University of Tennessee Libraries, Knoxville",Publications by students,phoenix
2015-01-09T05:10:55Z,phoenix_1973spring,http://digital.lib.utk.edu/mpds/?ckey=phoenix&iid=1074,University of Tennessee (Knoxville campus) -- Students -- Periodicals.,"Imprints, Tennessee -- Knoxville -- 1959.",text,1973 Spring,The Phoenix,,"This compilation is copyrighted by the University of
Tennessee. Images, text, or other content downloaded from the
collection may be freely used for non-profit educational
and research purposes, or any other use falling
within the purview of ""Fair Use."" For any other use,
contact the University of Tennessee Libraries.","The University of Tennessee Libraries, Special Collections, Knoxville",University of Tennessee (Knoxville campus),Creator,eng,"The University of Tennessee Libraries, Knoxville",Publications by students,phoenix
2015-01-09T05:10:55Z,phoenix_1991spring,http://digital.lib.utk.edu/mpds/?ckey=phoenix&iid=1119,University of Tennessee (Knoxville campus) -- Students -- Periodicals.,"Imprints, Tennessee -- Knoxville -- 1959.",text,1991 Spring,The Phoenix,,"This compilation is copyrighted by the University of
Tennessee. Images, text, or other content downloaded from the
collection may be freely used for non-profit educational
and research purposes, or any other use falling
within the purview of ""Fair Use."" For any other use,
contact the University of Tennessee Libraries.","The University of Tennessee Libraries, Special Collections, Knoxville",University of Tennessee (Knoxville campus),Creator,eng,"The University of Tennessee Libraries, Knoxville",Publications by students,phoenix
2015-01-09T05:10:55Z,phoenix_1972fall,http://digital.lib.utk.edu/mpds/?ckey=phoenix&iid=1070,University of Tennessee (Knoxville campus) -- Students -- Periodicals.,"Imprints, Tennessee -- Knoxville -- 1959.",text,1972 Fall,The Phoenix,,"This compilation is copyrighted by the University of
Tennessee. Images, text, or other content downloaded from the
collection may be freely used for non-profit educational
and research purposes, or any other use falling
within the purview of ""Fair Use."" For any other use,
contact the University of Tennessee Libraries.","The University of Tennessee Libraries, Special Collections, Knoxville",University of Tennessee (Knoxville campus),Creator,eng,"The University of Tennessee Libraries, Knoxville",Publications by students,phoenix
2015-01-09T05:10:55Z,phoenix_1960spring,http://digital.lib.utk.edu/mpds/?ckey=phoenix&iid=1036,University of Tennessee (Knoxville campus) -- Students -- Periodicals.,"Imprints, Tennessee -- Knoxville -- 1959.",text,1960 Spring,The Phoenix,,"This compilation is copyrighted by the University of
Tennessee. Images, text, or other content downloaded from the
collection may be freely used for non-profit educational
and research purposes, or any other use falling
within the purview of ""Fair Use."" For any other use,
contact the University of Tennessee Libraries.","The University of Tennessee Libraries, Special Collections, Knoxville",University of Tennessee (Knoxville campus),Creator,eng,"The University of Tennessee Libraries, Knoxville",Publications by students,phoenix
2015-01-09T05:10:55Z,phoenix_1967policecover,http://digital.lib.utk.edu/mpds/?ckey=phoenix&iid=1056,University of Tennessee (Knoxville campus) -- Students -- Periodicals.,"Imprints, Tennessee -- Knoxville -- 1959.",text,1967,The Phoenix,,"This compilation is copyrighted by the University of
Tennessee. Images, text, or other content downloaded from the
collection may be freely used for non-profit educational
and research purposes, or any other use falling
within the purview of ""Fair Use."" For any other use,
contact the University of Tennessee Libraries.","The University of Tennessee Libraries, Special Collections, Knoxville",University of Tennessee (Knoxville campus),Creator,eng,"The University of Tennessee Libraries, Knoxville",Publications by students,phoenix
2015-01-09T05:10:55Z,phoenix_1968winter,http://digital.lib.utk.edu/mpds/?ckey=phoenix&iid=1062,University of Tennessee (Knoxville campus) -- Students -- Periodicals.,"Imprints, Tennessee -- Knoxville -- 1959.",text,1968 Winter,The Phoenix,,"This compilation is copyrighted by the University of
Tennessee. Images, text, or other content downloaded from the
collection may be freely used for non-profit educational
and research purposes, or any other use falling
within the purview of ""Fair Use."" For any other use,
contact the University of Tennessee Libraries.","The University of Tennessee Libraries, Special Collections, Knoxville",University of Tennessee (Knoxville campus),Creator,eng,"The University of Tennessee Libraries, Knoxville",Publications by students,phoenix
2015-01-09T05:10:55Z,phoenix_1997fall,http://digital.lib.utk.edu/mpds/?ckey=phoenix&iid=1128,University of Tennessee (Knoxville campus) -- Students -- Periodicals.,"Imprints, Tennessee -- Knoxville -- 1959.",text,1997 Fall,The Phoenix,,"This compilation is copyrighted by the University of
Tennessee. Images, text, or other content downloaded from the
collection may be freely used for non-profit educational
and research purposes, or any other use falling
within the purview of ""Fair Use."" For any other use,
contact the University of Tennessee Libraries.","The University of Tennessee Libraries, Special Collections, Knoxville",University of Tennessee (Knoxville campus),Creator,eng,"The University of Tennessee Libraries, Knoxville",Publications by students,phoenix
2015-01-09T05:10:55Z,phoenix_1970spring,http://digital.lib.utk.edu/mpds/?ckey=phoenix&iid=1065,University of Tennessee (Knoxville campus) -- Students -- Periodicals.,"Imprints, Tennessee -- Knoxville -- 1959.",text,1970 Spring,The Phoenix,,"This compilation is copyrighted by the University of
Tennessee. Images, text, or other content downloaded from the
collection may be freely used for non-profit educational
and research purposes, or any other use falling
within the purview of ""Fair Use."" For any other use,
contact the University of Tennessee Libraries.","The University of Tennessee Libraries, Special Collections, Knoxville",University of Tennessee (Knoxville campus),Creator,eng,"The University of Tennessee Libraries, Knoxville",Publications by students,phoenix
2015-01-09T05:10:55Z,phoenix_1977fall,http://digital.lib.utk.edu/mpds/?ckey=phoenix&iid=1086,University of Tennessee (Knoxville campus) -- Students -- Periodicals.,"Imprints, Tennessee -- Knoxville -- 1959.",text,1977 Fall,The Phoenix,,"This compilation is copyrighted by the University of
Tennessee. Images, text, or other content downloaded from the
collection may be freely used for non-profit educational
and research purposes, or any other use falling
within the purview of ""Fair Use."" For any other use,
contact the University of Tennessee Libraries.","The University of Tennessee Libraries, Special Collections, Knoxville",University of Tennessee (Knoxville campus),Creator,eng,"The University of Tennessee Libraries, Knoxville",Publications by students,phoenix
2015-01-09T05:10:55Z,phoenix_1984winter,http://digital.lib.utk.edu/mpds/?ckey=phoenix&iid=1103,University of Tennessee (Knoxville campus) -- Students -- Periodicals.,"Imprints, Tennessee -- Knoxville -- 1959.",text,1984 Winter,The Phoenix,,"This compilation is copyrighted by the University of
Tennessee. Images, text, or other content downloaded from the
collection may be freely used for non-profit educational
and research purposes, or any other use falling
within the purview of ""Fair Use."" For any other use,
contact the University of Tennessee Libraries.","The University of Tennessee Libraries, Special Collections, Knoxville",University of Tennessee (Knoxville campus),Creator,eng,"The University of Tennessee Libraries, Knoxville",Publications by students,phoenix
2015-01-09T05:10:55Z,phoenix_1989spring,http://digital.lib.utk.edu/mpds/?ckey=phoenix&iid=1115,University of Tennessee (Knoxville campus) -- Students -- Periodicals.,"Imprints, Tennessee -- Knoxville -- 1959.",text,1989 Spring,The Phoenix,,"This compilation is copyrighted by the University of
Tennessee. Images, text, or other content downloaded from the
collection may be freely used for non-profit educational
and research purposes, or any other use falling
within the purview of ""Fair Use."" For any other use,
contact the University of Tennessee Libraries.","The University of Tennessee Libraries, Special Collections, Knoxville",University of Tennessee (Knoxville campus),Creator,eng,"The University of Tennessee Libraries, Knoxville",Publications by students,phoenix
2015-01-09T05:10:55Z,phoenix_1988fall,http://digital.lib.utk.edu/mpds/?ckey=phoenix&iid=1112,University of Tennessee (Knoxville campus) -- Students -- Periodicals.,"Imprints, Tennessee -- Knoxville -- 1959.",text,1988 Fall,The Phoenix,,"This compilation is copyrighted by the University of
Tennessee. Images, text, or other content downloaded from the
collection may be freely used for non-profit educational
and research purposes, or any other use falling
within the purview of ""Fair Use."" For any other use,
contact the University of Tennessee Libraries.","The University of Tennessee Libraries, Special Collections, Knoxville",University of Tennessee (Knoxville campus),Creator,eng,"The University of Tennessee Libraries, Knoxville",Publications by students,phoenix
2015-01-09T05:10:55Z,phoenix_1982fall,http://digital.lib.utk.edu/mpds/?ckey=phoenix&iid=1546,University of Tennessee (Knoxville campus) -- Students -- Periodicals.,"Imprints, Tennessee -- Knoxville -- 1959.",text,1982 Fall,The Phoenix,,"This compilation is copyrighted by the University of
Tennessee. Images, text, or other content downloaded from the
collection may be freely used for non-profit educational
and research purposes, or any other use falling
within the purview of ""Fair Use."" For any other use,
contact the University of Tennessee Libraries.","The University of Tennessee Libraries, Special Collections, Knoxville",University of Tennessee (Knoxville campus),Creator,eng,"The University of Tennessee Libraries, Knoxville",Publications by students,phoenix
2015-01-09T05:10:55Z,phoenix_1987spring,http://digital.lib.utk.edu/mpds/?ckey=phoenix&iid=1110,University of Tennessee (Knoxville campus) -- Students -- Periodicals.,"Imprints, Tennessee -- Knoxville -- 1959.",text,1987 Spring,The Phoenix,,"This compilation is copyrighted by the University of
Tennessee. Images, text, or other content downloaded from the
collection may be freely used for non-profit educational
and research purposes, or any other use falling
within the purview of ""Fair Use."" For any other use,
contact the University of Tennessee Libraries.","The University of Tennessee Libraries, Special Collections, Knoxville",University of Tennessee (Knoxville campus),Creator,eng,"The University of Tennessee Libraries, Knoxville",Publications by students,phoenix
2015-01-09T05:10:55Z,phoenix_1967fall,http://digital.lib.utk.edu/mpds/?ckey=phoenix&iid=1054,University of Tennessee (Knoxville campus) -- Students -- Periodicals.,"Imprints, Tennessee -- Knoxville -- 1959.",text,1967 Fall,The Phoenix,,"This compilation is copyrighted by the University of
Tennessee. Images, text, or other content downloaded from the
collection may be freely used for non-profit educational
and research purposes, or any other use falling
within the purview of ""Fair Use."" For any other use,
contact the University of Tennessee Libraries.","The University of Tennessee Libraries, Special Collections, Knoxville",University of Tennessee (Knoxville campus),Creator,eng,"The University of Tennessee Libraries, Knoxville",Publications by students,phoenix
2015-01-09T05:10:55Z,phoenix_1964fall,http://digital.lib.utk.edu/mpds/?ckey=phoenix&iid=1049,University of Tennessee (Knoxville campus) -- Students -- Periodicals.,"Imprints, Tennessee -- Knoxville -- 1959.",text,1964 Fall,The Phoenix,,"This compilation is copyrighted by the University of
Tennessee. Images, text, or other content downloaded from the
collection may be freely used for non-profit educational
and research purposes, or any other use falling
within the purview of ""Fair Use."" For any other use,
contact the University of Tennessee Libraries.","The University of Tennessee Libraries, Special Collections, Knoxville",University of Tennessee (Knoxville campus),Creator,eng,"The University of Tennessee Libraries, Knoxville",Publications by students,phoenix
2015-01-09T05:10:55Z,phoenix_2008fall,http://digital.lib.utk.edu/mpds/?ckey=phoenix&iid=1149,University of Tennessee (Knoxville campus) -- Students -- Periodicals.,"Imprints, Tennessee -- Knoxville -- 1959.",text,2008 Fall,The Phoenix,,"This compilation is copyrighted by the University of
Tennessee. Images, text, or other content downloaded from the
collection may be freely used for non-profit educational
and research purposes, or any other use falling
within the purview of ""Fair Use."" For any other use,
contact the University of Tennessee Libraries.","The University of Tennessee Libraries, Special Collections, Knoxville",University of Tennessee (Knoxville campus),Creator,eng,"The University of Tennessee Libraries, Knoxville",Publications by students,phoenix
2015-01-09T05:10:55Z,phoenix_1970fall,http://digital.lib.utk.edu/mpds/?ckey=phoenix&iid=1064,University of Tennessee (Knoxville campus) -- Students -- Periodicals.,"Imprints, Tennessee -- Knoxville -- 1959.",text,1970 Fall,The Phoenix,,"This compilation is copyrighted by the University of
Tennessee. Images, text, or other content downloaded from the
collection may be freely used for non-profit educational
and research purposes, or any other use falling
within the purview of ""Fair Use."" For any other use,
contact the University of Tennessee Libraries.","The University of Tennessee Libraries, Special Collections, Knoxville",University of Tennessee (Knoxville campus),Creator,eng,"The University of Tennessee Libraries, Knoxville",Publications by students,phoenix
2015-01-09T05:10:55Z,phoenix_1962winter,http://digital.lib.utk.edu/mpds/?ckey=phoenix&iid=1045,University of Tennessee (Knoxville campus) -- Students -- Periodicals.,"Imprints, Tennessee -- Knoxville -- 1959.",text,1962 Winter,The Phoenix,,"This compilation is copyrighted by the University of
Tennessee. Images, text, or other content downloaded from the
collection may be freely used for non-profit educational
and research purposes, or any other use falling
within the purview of ""Fair Use."" For any other use,
contact the University of Tennessee Libraries.","The University of Tennessee Libraries, Special Collections, Knoxville",University of Tennessee (Knoxville campus),Creator,eng,"The University of Tennessee Libraries, Knoxville",Publications by students,phoenix
2015-01-09T05:10:55Z,phoenix_1959fall,http://digital.lib.utk.edu/mpds/?ckey=phoenix&iid=1034,University of Tennessee (Knoxville campus) -- Students -- Periodicals.,"Imprints, Tennessee -- Knoxville -- 1959.",text,1959 Fall,The Phoenix,,"This compilation is copyrighted by the University of
Tennessee. Images, text, or other content downloaded from the
collection may be freely used for non-profit educational
and research purposes, or any other use falling
within the purview of ""Fair Use."" For any other use,
contact the University of Tennessee Libraries.","The University of Tennessee Libraries, Special Collections, Knoxville",University of Tennessee (Knoxville campus),Creator,eng,"The University of Tennessee Libraries, Knoxville",Publications by students,phoenix
2015-01-09T05:10:55Z,phoenix_1979winter,http://digital.lib.utk.edu/mpds/?ckey=phoenix&iid=1092,University of Tennessee (Knoxville campus) -- Students -- Periodicals.,"Imprints, Tennessee -- Knoxville -- 1959.",text,1979 Winter,The Phoenix,,"This compilation is copyrighted by the University of
Tennessee. Images, text, or other content downloaded from the
collection may be freely used for non-profit educational
and research purposes, or any other use falling
within the purview of ""Fair Use."" For any other use,
contact the University of Tennessee Libraries.","The University of Tennessee Libraries, Special Collections, Knoxville",University of Tennessee (Knoxville campus),Creator,eng,"The University of Tennessee Libraries, Knoxville",Publications by students,phoenix
2015-01-09T05:10:55Z,phoenix_1962fall,http://digital.lib.utk.edu/mpds/?ckey=phoenix&iid=1042,University of Tennessee (Knoxville campus) -- Students -- Periodicals.,"Imprints, Tennessee -- Knoxville -- 1959.",text,1962 Fall,The Phoenix,,"This compilation is copyrighted by the University of
Tennessee. Images, text, or other content downloaded from the
collection may be freely used for non-profit educational
and research purposes, or any other use falling
within the purview of ""Fair Use."" For any other use,
contact the University of Tennessee Libraries.","The University of Tennessee Libraries, Special Collections, Knoxville",University of Tennessee (Knoxville campus),Creator,eng,"The University of Tennessee Libraries, Knoxville",Publications by students,phoenix
2015-01-09T05:10:55Z,phoenix_1966fall,http://digital.lib.utk.edu/mpds/?ckey=phoenix&iid=1053,University of Tennessee (Knoxville campus) -- Students -- Periodicals.,"Imprints, Tennessee -- Knoxville -- 1959.",text,1966 Fall,The Phoenix,,"This compilation is copyrighted by the University of
Tennessee. Images, text, or other content downloaded from the
collection may be freely used for non-profit educational
and research purposes, or any other use falling
within the purview of ""Fair Use."" For any other use,
contact the University of Tennessee Libraries.","The University of Tennessee Libraries, Special Collections, Knoxville",University of Tennessee (Knoxville campus),Creator,eng,"The University of Tennessee Libraries, Knoxville",Publications by students,phoenix
2015-01-09T05:10:55Z,phoenix_1979fall,http://digital.lib.utk.edu/mpds/?ckey=phoenix&iid=1091,University of Tennessee (Knoxville campus) -- Students -- Periodicals.,"Imprints, Tennessee -- Knoxville -- 1959.",text,1979 Fall,The Phoenix,,"This compilation is copyrighted by the University of
Tennessee. Images, text, or other content downloaded from the
collection may be freely used for non-profit educational
and research purposes, or any other use falling
within the purview of ""Fair Use."" For any other use,
contact the University of Tennessee Libraries.","The University of Tennessee Libraries, Special Collections, Knoxville",University of Tennessee (Knoxville campus),Creator,eng,"The University of Tennessee Libraries, Knoxville",Publications by students,phoenix
2015-01-09T05:10:55Z,phoenix_1990fall,http://digital.lib.utk.edu/mpds/?ckey=phoenix&iid=1116,University of Tennessee (Knoxville campus) -- Students -- Periodicals.,"Imprints, Tennessee -- Knoxville -- 1959.",text,1990 Fall,The Phoenix,,"This compilation is copyrighted by the University of
Tennessee. Images, text, or other content downloaded from the
collection may be freely used for non-profit educational
and research purposes, or any other use falling
within the purview of ""Fair Use."" For any other use,
contact the University of Tennessee Libraries.","The University of Tennessee Libraries, Special Collections, Knoxville",University of Tennessee (Knoxville campus),Creator,eng,"The University of Tennessee Libraries, Knoxville",Publications by students,phoenix
2015-01-09T05:10:55Z,phoenix_1981fall,http://digital.lib.utk.edu/mpds/?ckey=phoenix&iid=1094,University of Tennessee (Knoxville campus) -- Students -- Periodicals.,"Imprints, Tennessee -- Knoxville -- 1959.",text,1981 Fall,The Phoenix,,"This compilation is copyrighted by the University of
Tennessee. Images, text, or other content downloaded from the
collection may be freely used for non-profit educational
and research purposes, or any other use falling
within the purview of ""Fair Use."" For any other use,
contact the University of Tennessee Libraries.","The University of Tennessee Libraries, Special Collections, Knoxville",University of Tennessee (Knoxville campus),Creator,eng,"The University of Tennessee Libraries, Knoxville",Publications by students,phoenix
2015-01-09T05:10:55Z,phoenix_1968summer,http://digital.lib.utk.edu/mpds/?ckey=phoenix&iid=1061,University of Tennessee (Knoxville campus) -- Students -- Periodicals.,"Imprints, Tennessee -- Knoxville -- 1959.",text,1968 Summer,The Phoenix,,"This compilation is copyrighted by the University of
Tennessee. Images, text, or other content downloaded from the
collection may be freely used for non-profit educational
and research purposes, or any other use falling
within the purview of ""Fair Use."" For any other use,
contact the University of Tennessee Libraries.","The University of Tennessee Libraries, Special Collections, Knoxville",University of Tennessee (Knoxville campus),Creator,eng,"The University of Tennessee Libraries, Knoxville",Publications by students,phoenix
2015-01-09T05:10:55Z,phoenix_1978spring,http://digital.lib.utk.edu/mpds/?ckey=phoenix&iid=1089,University of Tennessee (Knoxville campus) -- Students -- Periodicals.,"Imprints, Tennessee -- Knoxville -- 1959.",text,1978 Spring,The Phoenix,,"This compilation is copyrighted by the University of
Tennessee. Images, text, or other content downloaded from the
collection may be freely used for non-profit educational
and research purposes, or any other use falling
within the purview of ""Fair Use."" For any other use,
contact the University of Tennessee Libraries.","The University of Tennessee Libraries, Special Collections, Knoxville",University of Tennessee (Knoxville campus),Creator,eng,"The University of Tennessee Libraries, Knoxville",Publications by students,phoenix
2015-01-09T05:10:55Z,phoenix_2011spring,http://digital.lib.utk.edu/mpds/?ckey=phoenix&iid=1154,University of Tennessee (Knoxville campus) -- Students -- Periodicals.,"Imprints, Tennessee -- Knoxville -- 1959.",text,2011 Spring,The Phoenix,,"This compilation is copyrighted by the University of
Tennessee. Images, text, or other content downloaded from the
collection may be freely used for non-profit educational
and research purposes, or any other use falling
within the purview of ""Fair Use."" For any other use,
contact the University of Tennessee Libraries.","The University of Tennessee Libraries, Special Collections, Knoxville",University of Tennessee (Knoxville campus),Creator,eng,"The University of Tennessee Libraries, Knoxville",Publications by students,phoenix
2015-01-09T05:10:55Z,phoenix_1972winter,http://digital.lib.utk.edu/mpds/?ckey=phoenix&iid=1072,University of Tennessee (Knoxville campus) -- Students -- Periodicals.,"Imprints, Tennessee -- Knoxville -- 1959.",text,1972 Winter,The Phoenix,,"This compilation is copyrighted by the University of
Tennessee. Images, text, or other content downloaded from the
collection may be freely used for non-profit educational
and research purposes, or any other use falling
within the purview of ""Fair Use."" For any other use,
contact the University of Tennessee Libraries.","The University of Tennessee Libraries, Special Collections, Knoxville",University of Tennessee (Knoxville campus),Creator,eng,"The University of Tennessee Libraries, Knoxville",Publications by students,phoenix
2015-01-09T05:10:55Z,phoenix_2010fall,http://digital.lib.utk.edu/mpds/?ckey=phoenix&iid=1152,University of Tennessee (Knoxville campus) -- Students -- Periodicals.,"Imprints, Tennessee -- Knoxville -- 1959.",text,2010 Fall,The Phoenix,,"This compilation is copyrighted by the University of
Tennessee. Images, text, or other content downloaded from the
collection may be freely used for non-profit educational
and research purposes, or any other use falling
within the purview of ""Fair Use."" For any other use,
contact the University of Tennessee Libraries.","The University of Tennessee Libraries, Special Collections, Knoxville",University of Tennessee (Knoxville campus),Creator,eng,"The University of Tennessee Libraries, Knoxville",Publications by students,phoenix
2015-01-09T05:10:55Z,phoenix_2001spring,http://digital.lib.utk.edu/mpds/?ckey=phoenix&iid=1139,University of Tennessee (Knoxville campus) -- Students -- Periodicals.,"Imprints, Tennessee -- Knoxville -- 1959.",text,2001 Spring,The Phoenix,,"This compilation is copyrighted by the University of
Tennessee. Images, text, or other content downloaded from the
collection may be freely used for non-profit educational
and research purposes, or any other use falling
within the purview of ""Fair Use."" For any other use,
contact the University of Tennessee Libraries.","The University of Tennessee Libraries, Special Collections, Knoxville",University of Tennessee (Knoxville campus),Creator,eng,"The University of Tennessee Libraries, Knoxville",Publications by students,phoenix
2015-01-09T05:10:55Z,phoenix_1974spring,http://digital.lib.utk.edu/mpds/?ckey=phoenix&iid=1078,University of Tennessee (Knoxville campus) -- Students -- Periodicals.,"Imprints, Tennessee -- Knoxville -- 1959.",text,1974 Spring,The Phoenix,,"This compilation is copyrighted by the University of
Tennessee. Images, text, or other content downloaded from the
collection may be freely used for non-profit educational
and research purposes, or any other use falling
within the purview of ""Fair Use."" For any other use,
contact the University of Tennessee Libraries.","The University of Tennessee Libraries, Special Collections, Knoxville",University of Tennessee (Knoxville campus),Creator,eng,"The University of Tennessee Libraries, Knoxville",Publications by students,phoenix
2015-01-09T05:10:55Z,phoenix_2005spring,http://digital.lib.utk.edu/mpds/?ckey=phoenix&iid=1146,University of Tennessee (Knoxville campus) -- Students -- Periodicals.,"Imprints, Tennessee -- Knoxville -- 1959.",text,2005 Spring,The Phoenix,,"This compilation is copyrighted by the University of
Tennessee. Images, text, or other content downloaded from the
collection may be freely used for non-profit educational
and research purposes, or any other use falling
within the purview of ""Fair Use."" For any other use,
contact the University of Tennessee Libraries.","The University of Tennessee Libraries, Special Collections, Knoxville",University of Tennessee (Knoxville campus),Creator,eng,"The University of Tennessee Libraries, Knoxville",Publications by students,phoenix
2015-01-09T05:10:55Z,phoenix_1973fall,http://digital.lib.utk.edu/mpds/?ckey=phoenix&iid=1073,University of Tennessee (Knoxville campus) -- Students -- Periodicals.,"Imprints, Tennessee -- Knoxville -- 1959.",text,1973 Fall,The Phoenix,,"This compilation is copyrighted by the University of
Tennessee. Images, text, or other content downloaded from the
collection may be freely used for non-profit educational
and research purposes, or any other use falling
within the purview of ""Fair Use."" For any other use,
contact the University of Tennessee Libraries.","The University of Tennessee Libraries, Special Collections, Knoxville",University of Tennessee (Knoxville campus),Creator,eng,"The University of Tennessee Libraries, Knoxville",Publications by students,phoenix
2015-01-09T05:10:55Z,phoenix_1986spring,http://digital.lib.utk.edu/mpds/?ckey=phoenix&iid=1108,University of Tennessee (Knoxville campus) -- Students -- Periodicals.,"Imprints, Tennessee -- Knoxville -- 1959.",text,1986 Spring,The Phoenix,,"This compilation is copyrighted by the University of
Tennessee. Images, text, or other content downloaded from the
collection may be freely used for non-profit educational
and research purposes, or any other use falling
within the purview of ""Fair Use."" For any other use,
contact the University of Tennessee Libraries.","The University of Tennessee Libraries, Special Collections, Knoxville",University of Tennessee (Knoxville campus),Creator,eng,"The University of Tennessee Libraries, Knoxville",Publications by students,phoenix
2015-01-09T05:10:55Z,phoenix_1967spring,http://digital.lib.utk.edu/mpds/?ckey=phoenix&iid=1057,University of Tennessee (Knoxville campus) -- Students -- Periodicals.,"Imprints, Tennessee -- Knoxville -- 1959.",text,1967 Spring,The Phoenix,,"This compilation is copyrighted by the University of
Tennessee. Images, text, or other content downloaded from the
collection may be freely used for non-profit educational
and research purposes, or any other use falling
within the purview of ""Fair Use."" For any other use,
contact the University of Tennessee Libraries.","The University of Tennessee Libraries, Special Collections, Knoxville",University of Tennessee (Knoxville campus),Creator,eng,"The University of Tennessee Libraries, Knoxville",Publications by students,phoenix
2015-01-09T05:10:55Z,phoenix_1960winter,http://digital.lib.utk.edu/mpds/?ckey=phoenix&iid=1038,University of Tennessee (Knoxville campus) -- Students -- Periodicals.,"Imprints, Tennessee -- Knoxville -- 1959.",text,1960 Winter,The Phoenix,,"This compilation is copyrighted by the University of
Tennessee. Images, text, or other content downloaded from the
collection may be freely used for non-profit educational
and research purposes, or any other use falling
within the purview of ""Fair Use."" For any other use,
contact the University of Tennessee Libraries.","The University of Tennessee Libraries, Special Collections, Knoxville",University of Tennessee (Knoxville campus),Creator,eng,"The University of Tennessee Libraries, Knoxville",Publications by students,phoenix
2015-01-09T05:10:55Z,phoenix_1977winter,http://digital.lib.utk.edu/mpds/?ckey=phoenix&iid=1088,University of Tennessee (Knoxville campus) -- Students -- Periodicals.,"Imprints, Tennessee -- Knoxville -- 1959.",text,1977 Winter,The Phoenix,,"This compilation is copyrighted by the University of
Tennessee. Images, text, or other content downloaded from the
collection may be freely used for non-profit educational
and research purposes, or any other use falling
within the purview of ""Fair Use."" For any other use,
contact the University of Tennessee Libraries.","The University of Tennessee Libraries, Special Collections, Knoxville",University of Tennessee (Knoxville campus),Creator,eng,"The University of Tennessee Libraries, Knoxville",Publications by students,phoenix
2015-01-09T05:10:55Z,phoenix_1963fall,http://digital.lib.utk.edu/mpds/?ckey=phoenix&iid=1046,University of Tennessee (Knoxville campus) -- Students -- Periodicals.,"Imprints, Tennessee -- Knoxville -- 1959.",text,1963 Fall,The Phoenix,,"This compilation is copyrighted by the University of
Tennessee. Images, text, or other content downloaded from the
collection may be freely used for non-profit educational
and research purposes, or any other use falling
within the purview of ""Fair Use."" For any other use,
contact the University of Tennessee Libraries.","The University of Tennessee Libraries, Special Collections, Knoxville",University of Tennessee (Knoxville campus),Creator,eng,"The University of Tennessee Libraries, Knoxville",Publications by students,phoenix
2015-01-09T05:10:55Z,phoenix_2012fall,http://digital.lib.utk.edu/mpds/?ckey=phoenix&iid=1155,University of Tennessee (Knoxville campus) -- Students -- Periodicals.,"Imprints, Tennessee -- Knoxville -- 1959.",text,2012 Fall,The Phoenix,,"This compilation is copyrighted by the University of
Tennessee. Images, text, or other content downloaded from the
collection may be freely used for non-profit educational
and research purposes, or any other use falling
within the purview of ""Fair Use."" For any other use,
contact the University of Tennessee Libraries.","The University of Tennessee Libraries, Special Collections, Knoxville",University of Tennessee (Knoxville campus),Creator,eng,"The University of Tennessee Libraries, Knoxville",Publications by students,phoenix
2015-01-09T05:10:55Z,phoenix_1990spring,http://digital.lib.utk.edu/mpds/?ckey=phoenix&iid=1117,University of Tennessee (Knoxville campus) -- Students -- Periodicals.,"Imprints, Tennessee -- Knoxville -- 1959.",text,1990 Spring,The Phoenix,,"This compilation is copyrighted by the University of
Tennessee. Images, text, or other content downloaded from the
collection may be freely used for non-profit educational
and research purposes, or any other use falling
within the purview of ""Fair Use."" For any other use,
contact the University of Tennessee Libraries.","The University of Tennessee Libraries, Special Collections, Knoxville",University of Tennessee (Knoxville campus),Creator,eng,"The University of Tennessee Libraries, Knoxville",Publications by students,phoenix
2015-01-09T05:10:55Z,phoenix_1968fall,http://digital.lib.utk.edu/mpds/?ckey=phoenix&iid=1059,University of Tennessee (Knoxville campus) -- Students -- Periodicals.,"Imprints, Tennessee -- Knoxville -- 1959.",text,1968 Fall,The Phoenix,,"This compilation is copyrighted by the University of
Tennessee. Images, text, or other content downloaded from the
collection may be freely used for non-profit educational
and research purposes, or any other use falling
within the purview of ""Fair Use."" For any other use,
contact the University of Tennessee Libraries.","The University of Tennessee Libraries, Special Collections, Knoxville",University of Tennessee (Knoxville campus),Creator,eng,"The University of Tennessee Libraries, Knoxville",Publications by students,phoenix
2015-01-09T05:10:55Z,phoenix_1975spring,http://digital.lib.utk.edu/mpds/?ckey=phoenix&iid=1081,University of Tennessee (Knoxville campus) -- Students -- Periodicals.,"Imprints, Tennessee -- Knoxville -- 1959.",text,1975 Spring,The Phoenix,,"This compilation is copyrighted by the University of
Tennessee. Images, text, or other content downloaded from the
collection may be freely used for non-profit educational
and research purposes, or any other use falling
within the purview of ""Fair Use."" For any other use,
contact the University of Tennessee Libraries.","The University of Tennessee Libraries, Special Collections, Knoxville",University of Tennessee (Knoxville campus),Creator,eng,"The University of Tennessee Libraries, Knoxville",Publications by students,phoenix
2015-01-09T05:10:55Z,phoenix_1998springfiction,http://digital.lib.utk.edu/mpds/?ckey=phoenix&iid=1132,University of Tennessee (Knoxville campus) -- Students -- Periodicals.,"Imprints, Tennessee -- Knoxville -- 1959.",text,1998 Spring,The Phoenix,,"This compilation is copyrighted by the University of
Tennessee. Images, text, or other content downloaded from the
collection may be freely used for non-profit educational
and research purposes, or any other use falling
within the purview of ""Fair Use."" For any other use,
contact the University of Tennessee Libraries.","The University of Tennessee Libraries, Special Collections, Knoxville",University of Tennessee (Knoxville campus),Creator,eng,"The University of Tennessee Libraries, Knoxville",Publications by students,phoenix
2015-01-09T05:10:55Z,phoenix_1960fall,http://digital.lib.utk.edu/mpds/?ckey=phoenix&iid=1035,University of Tennessee (Knoxville campus) -- Students -- Periodicals.,"Imprints, Tennessee -- Knoxville -- 1959.",text,1960 Fall,The Phoenix,,"This compilation is copyrighted by the University of
Tennessee. Images, text, or other content downloaded from the
collection may be freely used for non-profit educational
and research purposes, or any other use falling
within the purview of ""Fair Use."" For any other use,
contact the University of Tennessee Libraries.","The University of Tennessee Libraries, Special Collections, Knoxville",University of Tennessee (Knoxville campus),Creator,eng,"The University of Tennessee Libraries, Knoxville",Publications by students,phoenix
2015-01-09T05:10:55Z,phoenix_1965winter,http://digital.lib.utk.edu/mpds/?ckey=phoenix&iid=1052,University of Tennessee (Knoxville campus) -- Students -- Periodicals.,"Imprints, Tennessee -- Knoxville -- 1959.",text,1965 Winter,The Phoenix,,"This compilation is copyrighted by the University of
Tennessee. Images, text, or other content downloaded from the
collection may be freely used for non-profit educational
and research purposes, or any other use falling
within the purview of ""Fair Use."" For any other use,
contact the University of Tennessee Libraries.","The University of Tennessee Libraries, Special Collections, Knoxville",University of Tennessee (Knoxville campus),Creator,eng,"The University of Tennessee Libraries, Knoxville",Publications by students,phoenix
2015-01-09T05:10:55Z,phoenix_1978winter,http://digital.lib.utk.edu/mpds/?ckey=phoenix&iid=1090,University of Tennessee (Knoxville campus) -- Students -- Periodicals.,"Imprints, Tennessee -- Knoxville -- 1959.",text,1978 Winter,The Phoenix,,"This compilation is copyrighted by the University of
Tennessee. Images, text, or other content downloaded from the
collection may be freely used for non-profit educational
and research purposes, or any other use falling
within the purview of ""Fair Use."" For any other use,
contact the University of Tennessee Libraries.","The University of Tennessee Libraries, Special Collections, Knoxville",University of Tennessee (Knoxville campus),Creator,eng,"The University of Tennessee Libraries, Knoxville",Publications by students,phoenix
2015-01-09T05:10:55Z,phoenix_1974fall,http://digital.lib.utk.edu/mpds/?ckey=phoenix&iid=1076,University of Tennessee (Knoxville campus) -- Students -- Periodicals.,"Imprints, Tennessee -- Knoxville -- 1959.",text,1974 Fall,The Phoenix,,"This compilation is copyrighted by the University of
Tennessee. Images, text, or other content downloaded from the
collection may be freely used for non-profit educational
and research purposes, or any other use falling
within the purview of ""Fair Use."" For any other use,
contact the University of Tennessee Libraries.","The University of Tennessee Libraries, Special Collections, Knoxville",University of Tennessee (Knoxville campus),Creator,eng,"The University of Tennessee Libraries, Knoxville",Publications by students,phoenix
2015-01-09T05:10:55Z,phoenix_2003spring,http://digital.lib.utk.edu/mpds/?ckey=phoenix&iid=1142,University of Tennessee (Knoxville campus) -- Students -- Periodicals.,"Imprints, Tennessee -- Knoxville -- 1959.",text,2003 Spring,The Phoenix,,"This compilation is copyrighted by the University of
Tennessee. Images, text, or other content downloaded from the
collection may be freely used for non-profit educational
and research purposes, or any other use falling
within the purview of ""Fair Use."" For any other use,
contact the University of Tennessee Libraries.","The University of Tennessee Libraries, Special Collections, Knoxville",University of Tennessee (Knoxville campus),Creator,eng,"The University of Tennessee Libraries, Knoxville",Publications by students,phoenix
2015-01-09T05:10:55Z,phoenix_1974spring-supplement,http://digital.lib.utk.edu/mpds/?ckey=phoenix&iid=1077,University of Tennessee (Knoxville campus) -- Students -- Periodicals.,"Imprints, Tennessee -- Knoxville -- 1959.",text,1974 Spring,The Phoenix,,"This compilation is copyrighted by the University of
Tennessee. Images, text, or other content downloaded from the
collection may be freely used for non-profit educational
and research purposes, or any other use falling
within the purview of ""Fair Use."" For any other use,
contact the University of Tennessee Libraries.","The University of Tennessee Libraries, Special Collections, Knoxville",University of Tennessee (Knoxville campus),Creator,eng,"The University of Tennessee Libraries, Knoxville",Publications by students,phoenix
2015-01-09T05:10:55Z,phoenix_1983fall,http://digital.lib.utk.edu/mpds/?ckey=phoenix&iid=1547,University of Tennessee (Knoxville campus) -- Students -- Periodicals.,"Imprints, Tennessee -- Knoxville -- 1959.",text,1983 Fall,The Phoenix,,"This compilation is copyrighted by the University of
Tennessee. Images, text, or other content downloaded from the
collection may be freely used for non-profit educational
and research purposes, or any other use falling
within the purview of ""Fair Use."" For any other use,
contact the University of Tennessee Libraries.","The University of Tennessee Libraries, Special Collections, Knoxville",University of Tennessee (Knoxville campus),Creator,eng,"The University of Tennessee Libraries, Knoxville",Publications by students,phoenix
2015-01-09T05:10:55Z,phoenix_2009spring,http://digital.lib.utk.edu/mpds/?ckey=phoenix&iid=1151,University of Tennessee (Knoxville campus) -- Students -- Periodicals.,"Imprints, Tennessee -- Knoxville -- 1959.",text,2009 Spring,The Phoenix,,"This compilation is copyrighted by the University of
Tennessee. Images, text, or other content downloaded from the
collection may be freely used for non-profit educational
and research purposes, or any other use falling
within the purview of ""Fair Use."" For any other use,
contact the University of Tennessee Libraries.","The University of Tennessee Libraries, Special Collections, Knoxville",University of Tennessee (Knoxville campus),Creator,eng,"The University of Tennessee Libraries, Knoxville",Publications by students,phoenix
2015-01-09T05:10:55Z,phoenix_1971fall,http://digital.lib.utk.edu/mpds/?ckey=phoenix&iid=1067,University of Tennessee (Knoxville campus) -- Students -- Periodicals.,"Imprints, Tennessee -- Knoxville -- 1959.",text,1971 Fall,The Phoenix,,"This compilation is copyrighted by the University of
Tennessee. Images, text, or other content downloaded from the
collection may be freely used for non-profit educational
and research purposes, or any other use falling
within the purview of ""Fair Use."" For any other use,
contact the University of Tennessee Libraries.","The University of Tennessee Libraries, Special Collections, Knoxville",University of Tennessee (Knoxville campus),Creator,eng,"The University of Tennessee Libraries, Knoxville",Publications by students,phoenix
2015-01-09T05:10:55Z,phoenix_1977spring,http://digital.lib.utk.edu/mpds/?ckey=phoenix&iid=1087,University of Tennessee (Knoxville campus) -- Students -- Periodicals.,"Imprints, Tennessee -- Knoxville -- 1959.",text,1977 Spring,The Phoenix,,"This compilation is copyrighted by the University of
Tennessee. Images, text, or other content downloaded from the
collection may be freely used for non-profit educational
and research purposes, or any other use falling
within the purview of ""Fair Use."" For any other use,
contact the University of Tennessee Libraries.","The University of Tennessee Libraries, Special Collections, Knoxville",University of Tennessee (Knoxville campus),Creator,eng,"The University of Tennessee Libraries, Knoxville",Publications by students,phoenix
2015-01-09T05:10:55Z,phoenix_2006fall,http://digital.lib.utk.edu/mpds/?ckey=phoenix&iid=1147,University of Tennessee (Knoxville campus) -- Students -- Periodicals.,"Imprints, Tennessee -- Knoxville -- 1959.",text,2006 Fall,The Phoenix,,"This compilation is copyrighted by the University of
Tennessee. Images, text, or other content downloaded from the
collection may be freely used for non-profit educational
and research purposes, or any other use falling
within the purview of ""Fair Use."" For any other use,
contact the University of Tennessee Libraries.","The University of Tennessee Libraries, Special Collections, Knoxville",University of Tennessee (Knoxville campus),Creator,eng,"The University of Tennessee Libraries, Knoxville",Publications by students,phoenix
2015-01-09T05:10:55Z,phoenix_1995fall,http://digital.lib.utk.edu/mpds/?ckey=phoenix&iid=1124,University of Tennessee (Knoxville campus) -- Students -- Periodicals.,"Imprints, Tennessee -- Knoxville -- 1959.",text,1995 Fall,The Phoenix,,"This compilation is copyrighted by the University of
Tennessee. Images, text, or other content downloaded from the
collection may be freely used for non-profit educational
and research purposes, or any other use falling
within the purview of ""Fair Use."" For any other use,
contact the University of Tennessee Libraries.","The University of Tennessee Libraries, Special Collections, Knoxville",University of Tennessee (Knoxville campus),Creator,eng,"The University of Tennessee Libraries, Knoxville",Publications by students,phoenix
2015-01-09T05:10:55Z,phoenix_1992fall,http://digital.lib.utk.edu/mpds/?ckey=phoenix&iid=1120,University of Tennessee (Knoxville campus) -- Students -- Periodicals.,"Imprints, Tennessee -- Knoxville -- 1959.",text,1992 Fall,The Phoenix,,"This compilation is copyrighted by the University of
Tennessee. Images, text, or other content downloaded from the
collection may be freely used for non-profit educational
and research purposes, or any other use falling
within the purview of ""Fair Use."" For any other use,
contact the University of Tennessee Libraries.","The University of Tennessee Libraries, Special Collections, Knoxville",University of Tennessee (Knoxville campus),Creator,eng,"The University of Tennessee Libraries, Knoxville",Publications by students,phoenix
2015-01-09T05:10:55Z,phoenix_2000fall,http://digital.lib.utk.edu/mpds/?ckey=phoenix&iid=1135,University of Tennessee (Knoxville campus) -- Students -- Periodicals.,"Imprints, Tennessee -- Knoxville -- 1959.",text,2000 Fall,The Phoenix,,"This compilation is copyrighted by the University of
Tennessee. Images, text, or other content downloaded from the
collection may be freely used for non-profit educational
and research purposes, or any other use falling
within the purview of ""Fair Use."" For any other use,
contact the University of Tennessee Libraries.","The University of Tennessee Libraries, Special Collections, Knoxville",University of Tennessee (Knoxville campus),Creator,eng,"The University of Tennessee Libraries, Knoxville",Publications by students,phoenix
2015-01-09T05:10:55Z,phoenix_1964spring,http://digital.lib.utk.edu/mpds/?ckey=phoenix&iid=1050,University of Tennessee (Knoxville campus) -- Students -- Periodicals.,"Imprints, Tennessee -- Knoxville -- 1959.",text,1964 Spring,The Phoenix,,"This compilation is copyrighted by the University of
Tennessee. Images, text, or other content downloaded from the
collection may be freely used for non-profit educational
and research purposes, or any other use falling
within the purview of ""Fair Use."" For any other use,
contact the University of Tennessee Libraries.","The University of Tennessee Libraries, Special Collections, Knoxville",University of Tennessee (Knoxville campus),Creator,eng,"The University of Tennessee Libraries, Knoxville",Publications by students,phoenix
2015-01-09T05:10:55Z,phoenix_1984fall,http://digital.lib.utk.edu/mpds/?ckey=phoenix&iid=1101,University of Tennessee (Knoxville campus) -- Students -- Periodicals.,"Imprints, Tennessee -- Knoxville -- 1959.",text,1984 Fall,The Phoenix,,"This compilation is copyrighted by the University of
Tennessee. Images, text, or other content downloaded from the
collection may be freely used for non-profit educational
and research purposes, or any other use falling
within the purview of ""Fair Use."" For any other use,
contact the University of Tennessee Libraries.","The University of Tennessee Libraries, Special Collections, Knoxville",University of Tennessee (Knoxville campus),Creator,eng,"The University of Tennessee Libraries, Knoxville",Publications by students,phoenix
2015-01-09T05:10:55Z,phoenix_2004fall,http://digital.lib.utk.edu/mpds/?ckey=phoenix&iid=1143,University of Tennessee (Knoxville campus) -- Students -- Periodicals.,"Imprints, Tennessee -- Knoxville -- 1959.",text,2004 Fall,The Phoenix,,"This compilation is copyrighted by the University of
Tennessee. Images, text, or other content downloaded from the
collection may be freely used for non-profit educational
and research purposes, or any other use falling
within the purview of ""Fair Use."" For any other use,
contact the University of Tennessee Libraries.","The University of Tennessee Libraries, Special Collections, Knoxville",University of Tennessee (Knoxville campus),Creator,eng,"The University of Tennessee Libraries, Knoxville",Publications by students,phoenix
2015-01-09T05:10:55Z,phoenix_1963winter,http://digital.lib.utk.edu/mpds/?ckey=phoenix&iid=1048,University of Tennessee (Knoxville campus) -- Students -- Periodicals.,"Imprints, Tennessee -- Knoxville -- 1959.",text,1963 Winter,The Phoenix,,"This compilation is copyrighted by the University of
Tennessee. Images, text, or other content downloaded from the
collection may be freely used for non-profit educational
and research purposes, or any other use falling
within the purview of ""Fair Use."" For any other use,
contact the University of Tennessee Libraries.","The University of Tennessee Libraries, Special Collections, Knoxville",University of Tennessee (Knoxville campus),Creator,eng,"The University of Tennessee Libraries, Knoxville",Publications by students,phoenix
2015-01-09T05:10:55Z,phoenix_1982spring,http://digital.lib.utk.edu/mpds/?ckey=phoenix&iid=1097,University of Tennessee (Knoxville campus) -- Students -- Periodicals.,"Imprints, Tennessee -- Knoxville -- 1959.",text,1982 Spring,The Phoenix,,"This compilation is copyrighted by the University of
Tennessee. Images, text, or other content downloaded from the
collection may be freely used for non-profit educational
and research purposes, or any other use falling
within the purview of ""Fair Use."" For any other use,
contact the University of Tennessee Libraries.","The University of Tennessee Libraries, Special Collections, Knoxville",University of Tennessee (Knoxville campus),Creator,eng,"The University of Tennessee Libraries, Knoxville",Publications by students,phoenix
2015-01-09T05:10:55Z,phoenix_1986fall,http://digital.lib.utk.edu/mpds/?ckey=phoenix&iid=1107,University of Tennessee (Knoxville campus) -- Students -- Periodicals.,"Imprints, Tennessee -- Knoxville -- 1959.",text,1986 Fall,The Phoenix,,"This compilation is copyrighted by the University of
Tennessee. Images, text, or other content downloaded from the
collection may be freely used for non-profit educational
and research purposes, or any other use falling
within the purview of ""Fair Use."" For any other use,
contact the University of Tennessee Libraries.","The University of Tennessee Libraries, Special Collections, Knoxville",University of Tennessee (Knoxville campus),Creator,eng,"The University of Tennessee Libraries, Knoxville",Publications by students,phoenix
2015-01-09T05:10:55Z,phoenix_1985fall,http://digital.lib.utk.edu/mpds/?ckey=phoenix&iid=1104,University of Tennessee (Knoxville campus) -- Students -- Periodicals.,"Imprints, Tennessee -- Knoxville -- 1959.",text,1985 Fall,The Phoenix,,"This compilation is copyrighted by the University of
Tennessee. Images, text, or other content downloaded from the
collection may be freely used for non-profit educational
and research purposes, or any other use falling
within the purview of ""Fair Use."" For any other use,
contact the University of Tennessee Libraries.","The University of Tennessee Libraries, Special Collections, Knoxville",University of Tennessee (Knoxville campus),Creator,eng,"The University of Tennessee Libraries, Knoxville",Publications by students,phoenix
2015-01-09T05:10:55Z,phoenix_1969fall,http://digital.lib.utk.edu/mpds/?ckey=phoenix&iid=1063,University of Tennessee (Knoxville campus) -- Students -- Periodicals.,"Imprints, Tennessee -- Knoxville -- 1959.",text,1969 Fall,The Phoenix,,"This compilation is copyrighted by the University of
Tennessee. Images, text, or other content downloaded from the
collection may be freely used for non-profit educational
and research purposes, or any other use falling
within the purview of ""Fair Use."" For any other use,
contact the University of Tennessee Libraries.","The University of Tennessee Libraries, Special Collections, Knoxville",University of Tennessee (Knoxville campus),Creator,eng,"The University of Tennessee Libraries, Knoxville",Publications by students,phoenix
